{
  "name": "Chronosapien",
  "icon": "alienevo:textures/gui/playlists/playlist_1/alien_88.png",
  "background": "alienevo:textures/gui/power_screen/power_screen.png",
  "primary_color": "#8ed721",
  "allow_bar_shrinking": false,
  "gui_display_type": "tree",
  "secondary_color": "#332e27",
  "ability_bar_texture": "alienevo:textures/gui/ability_bar/interface.png",
  "hidden": false,
  "energy_bars": {
    "chronosapien_meter": {
      "max": 1000,
      "auto_increase_per_tick": 3,
      "color": "#C0FF00"
    }
  },
  "abilities": {
    "beam-dummy": {
      "type": "palladium:command",
      "hidden": false,
      "title": "Time Rays ",
      "icon": "chrono_machina:textures/icon/time_beam.png",
      "description": "Chronosapiens can fire time rays from their chest, which have various effects",
      "gui_position": [0, 1],
      "first_tick_commands": ["tag @s add ray"],
      "last_tick_commands": [],
      "commands": [],
      "conditions": {
        "unlocking": [
          {
            "type": "palladium:ability_unlocked",
            "power": "null",
            "ability": "chronosapien_loop"
          },
          {
            "type": "palladium:scoreboard_score_buyable",
            "objective": "Chronosapien.SkillPoint",
            "score": 5,
            "icon": "#alienevo:alien_sel"
          }
        ]
      }
    },
    "slow-dummy": {
      "type": "palladium:command",
      "hidden": false,
      "title": "Chronokinesis ",
      "icon": "#alienevo:alien_sel",
      "description": "Chronosapiens possesses chronokinesis, which gives them the control over time itself. They can reduce the time around them, making it look as if he is moving extremely fast to bystanders. Furthermore, Chronosapiens can speed up time.",
      "gui_position": [0.5, 0.5],
      "first_tick_commands": ["tag @s add chronokinesis"],
      "last_tick_commands": [],
      "commands": [],
      "conditions": {
        "unlocking": [
          {
            "type": "palladium:ability_unlocked",
            "power": "null",
            "ability": "chronosapien_loop"
          },
          {
            "type": "palladium:scoreboard_score_buyable",
            "objective": "Chronosapien.SkillPoint",
            "score": 5,
            "icon": "#alienevo:alien_sel"
          }
        ]
      }
    },
    "stop-dummy": {
      "type": "palladium:command",
      "hidden": false,
      "title": "Further Chronokinesis",
      "icon": "minecraft:barrier",
      "description": "Chronosapiens chronokinesis can be taken further, with the ability of stop time itself.",
      "gui_position": [1, 1],
      "first_tick_commands": ["tag @s add stop_time"],
      "last_tick_commands": [],
      "commands": [],
      "conditions": {
        "unlocking": [
          {
            "type": "palladium:ability_unlocked",
            "power": "null",
            "ability": "slow-dummy"
          },
          {
            "type": "palladium:scoreboard_score_buyable",
            "objective": "Chronosapien.SkillPoint",
            "score": 5,
            "icon": "#alienevo:alien_sel"
          }
        ]
      }
    },
    "clockpoint-dummy": {
      "type": "palladium:command",
      "hidden": false,
      "title": "Further Chronokinesis",
      "icon": "chrono_machina:textures/icon/gps.png",
      "description": "Chronosapiens chronokinesis can be taken even further, with the ability to rewind time in the form of a Clockpoint. Shift to set location, then use the ability to return to your previous save location",
      "gui_position": [1.5, 1.5],
      "first_tick_commands": ["tag @s add clockpoint"],
      "last_tick_commands": [],
      "commands": [],
      "conditions": {
        "unlocking": [
          {
            "type": "palladium:ability_unlocked",
            "power": "null",
            "ability": "stop-dummy"
          },
          {
            "type": "palladium:scoreboard_score_buyable",
            "objective": "Chronosapien.SkillPoint",
            "score": 5,
            "icon": "#alienevo:alien_sel"
          }
        ]
      }
    },
    "chronosapien_loop": {
      "type": "palladium:command",
      "hidden": false,
      "title": { "translate": "species.alienevo_aliens.88" },
      "icon": "#alienevo:alien_sel",
      "gui_position": [0, 0],
      "first_tick_commands": [
        "scoreboard objectives add Chronosapien.XP dummy",
        "scoreboard objectives add Chronosapien.Level dummy",
        "scoreboard objectives add Chronosapien.SkillPoint dummy"
      ],
      "last_tick_commands": [],
      "commands": [
        "scoreboard players add @s[palladium.power=selfdestruct:prototype_omnitrix_sdm] AlienEvo.SelfDestruct 1"
      ]
    },
    "timeout_function": {
      "type": "alienevo:omnitrix_timer",
      "hidden": true
    },
    "hideBody": {
      "type": "palladium:hide_body_part",
      "icon": "minecraft:blaze_rod",
      "bar_color": "light_gray",
      "hidden": true,
      "hidden_in_bar": true,
      "affects_first_person": true,
      "body_parts": [
        "right_arm",
        "left_arm",
        "chest",
        "chest_overlay",
        "right_arm_overlay",
        "left_arm_overlay",
        "right_leg",
        "left_leg",
        "cape",
        "right_leg_overlay",
        "left_leg_overlay",
        "head",
        "head_overlay"
      ]
    },
    "name_change": {
      "type": "palladium:name_change",
      "icon": "minecraft:blaze_rod",
      "title": "null",
      "bar_color": "light_gray",
      "hidden": true,
      "hidden_in_bar": true,
      "list_index": -1,
      "name": {
        "translate": "species.alienevo_aliens.88"
      },
      "conditions": {
        "enabling": [],
        "unlocking": [
          {
            "type": "palladium:and",
            "conditions": [
              {
                "type": "alienevo:current_alien_nickname",
                "value": "species.alienevo_aliens.88"
              },
              {
                "type": "palladium:not",
                "conditions": [
                  {
                    "type": "palladium:has_tag",
                    "tag": "alienevo.nickname"
                  }
                ]
              }
            ]
          }
        ]
      }
    },
    "renderLayer": {
      "type": "palladium:render_layer",
      "hidden": true,
      "render_layer": "chrono_machina:chronosapien"
    },
    "size_change": {
      "type": "palladium:size",
      "title": "Size Change",
      "hidden": true,
      "scale": 1.33
    },
    "base_speed": {
      "type": "palladium:attribute_modifier",
      "attribute": "minecraft:generic.movement_speed",
      "icon": "minecraft:textures/item/iron_sword.png",
      "hidden": true,
      "uuid": "01d54cb1-6b09-41a7-92e2-83e076426a30",
      "amount": -0.04,
      "conditions": {
        "enabling": [
          {
            "type": "palladium:not",
            "conditions": [
              {
                "type": "palladium:ability_enabled",
                "power": "null",
                "ability": "ball_roll"
              }
            ]
          }
        ]
      }
    },
    "base_form": {
      "type": "alienevo:omnitrix_detransform",
      "icon": "#alienevo:detransform",
      "title": {
        "translate": "ability.alienevo.omnitrix.base_form"
      },
      "hidden": true,
      "list_index": 4,
      "conditions": {
        "enabling": [
          {
            "type": "palladium:action",
            "key_type": "key_bind"
          }
        ],
        "unlocking": [
          {
            "type": "palladium:or",
            "conditions": [
              {
                "type": "palladium:has_tag",
                "tag": "AlienEvo.BaseForm"
              },
              {
                "type": "palladium:has_tag",
                "tag": "AlienEvo.MasterControl"
              }
            ]
          }
        ]
      }
    },
    "time_blast": {
      "type": "palladium:energy_beam",
      "persistent_data": true,
      "icon": "chrono_machina:textures/icon/time_beam.png",
      "title": "Power Blast",
      "bar_color": "purple",
      "hidden": true,
      "hidden_in_bar": false,
      "list_index": 0,
      "gui_position": "null",
      "description": "null",
      "energy_beam": "chrono_machina:chronosapien_beam",
      "damage": 5,
      "max_distance": 100,
      "speed": 1,
      "commands_on_block_hit": [""],
      "commands_on_entity_hit": [
        "effect give @a[limit=1,distance=..1] minecraft:wither"
      ],
      "energy_bar_usage": {
        "energy_bar": "chronosapien_meter",
        "amount": 4
      },
      "conditions": {
        "enabling": [
          {
            "type": "palladium:held",
            "cooldown": 0
          }
        ],
        "unlocking": [
          {
            "type": "palladium:energy_bar",
            "energy_bar": "chronosapien_meter",
            "min": 100
          },
          {
            "type": "palladium:has_tag",
            "tag": "ray"
          }
        ]
      }
    },
    "speed": {
      "type": "palladium:attribute_modifier",
      "icon": "minecraft:textures/mob_effect/slowness.png",
      "title": "Slow Down Time",
      "bar_color": "light_blue",
      "hidden": true,
      "persistent_data": true,
      "hidden_in_bar": false,
      "list_index": 1,
      "description": "Slows the time around you.",
      "attribute": "minecraft:generic.movement_speed",
      "amount": 0.5,
      "operation": 0,
      "uuid": "498be4fb-af04-42f2-8948-e6ccdc0d99e1",
      "energy_bar_usage": {
        "energy_bar": "chronosapien_meter",
        "amount": 4
      },
      "conditions": {
        "enabling": [
          {
            "type": "palladium:held",
            "cooldown": 0,
            "key_type": "key_bind",
            "needs_empty_hand": false,
            "allow_scrolling_when_crouching": true
          }
        ],
        "unlocking": [
          {
            "type": "palladium:energy_bar",
            "energy_bar": "chronosapien_meter",
            "min": 100
          },
          {
            "type": "palladium:not",
            "conditions": [
              {
                "type": "palladium:crouching"
              }
            ]
          },
          {
            "type": "palladium:has_tag",
            "tag": "chronokinesis"
          }
        ]
      }
    },
    "speed_tick": {
      "type": "palladium:command",
      "icon": "minecraft:textures/mob_effect/speed.png",
      "title": "Speed Up Time",
      "bar_color": "light_blue",
      "hidden": true,
      "persistent_data": true,
      "hidden_in_bar": false,
      "list_index": 1,
      "description": "Speeds up the time around you.",
      "first_tick_commands": [
        "playsound chrono_machina:grandfather_clock player @s",
        "timeclock tickrate 100"
      ],
      "last_tick_commands": ["timeclock tickrate 20"],
      "commands": [],
      "energy_bar_usage": {
        "energy_bar": "chronosapien_meter",
        "amount": 4
      },
      "conditions": {
        "enabling": [
          {
            "type": "palladium:held",
            "cooldown": 0,
            "key_type": "key_bind",
            "needs_empty_hand": false,
            "allow_scrolling_when_crouching": true
          }
        ],
        "unlocking": [
          {
            "type": "palladium:energy_bar",
            "energy_bar": "chronosapien_meter",
            "min": 10
          },
          {
            "type": "palladium:crouching"
          },
          {
            "type": "palladium:has_tag",
            "tag": "chronokinesis"
          }
        ]
      }
    },
    "step_assist": {
      "type": "palladium:attribute_modifier",
      "icon": "infinity:textures/icon/force_field.png",
      "title": "Step Assist",
      "persistent_data": true,
      "bar_color": "light_blue",
      "hidden": true,
      "hidden_in_bar": true,
      "list_index": -1,
      "description": "Lets you walk up a whole block at once",
      "attribute": "forge:step_height_addition",
      "amount": 0.5,
      "operation": 0,
      "uuid": "498be4fb-af04-42f2-8948-e6ccdc0d99e1",
      "conditions": {
        "enabling": [
          {
            "type": "palladium:ability_enabled",
            "power": "null",
            "ability": "speed"
          }
        ]
      }
    },
    "slow": {
      "type": "palladium:command",
      "icon": "minecraft:command_block",
      "title": "null",
      "bar_color": "light_gray",
      "hidden": true,
      "hidden_in_bar": false,
      "list_index": -1,
      "gui_position": "null",
      "description": "null",
      "first_tick_commands": [
        "playsound chrono_machina:grandfather_clock player @s",
        "timeclock tickrate 4"
      ],
      "last_tick_commands": ["timeclock tickrate 20"],
      "commands": [
        "effect give @e[distance=..10] minecraft:slowness 1 255 true",
        "effect clear @s"
      ],
      "conditions": {
        "enabling": [
          {
            "type": "palladium:ability_enabled",
            "power": "null",
            "ability": "speed"
          }
        ],
        "unlocking": [
          {
            "type": "palladium:energy_bar",
            "energy_bar": "chronosapien_meter",
            "min": 100
          }
        ]
      }
    },
    "pro_res": {
      "type": "palladium:damage_immunity",
      "hidden": true,
      "damage_sources": ["minecraft:is_projectile"],
      "conditions": {
        "enabling": [
          {
            "type": "palladium:ability_enabled",
            "power": "null",
            "ability": "speed"
          }
        ]
      }
    },
    "xlr8_trail": {
      "type": "palladium:trail",
      "list_index": -1,
      "hidden": true,
      "trail": "chrono_machina:chronosapien_trail",
      "conditions": {
        "enabling": [
          {
            "type": "palladium:ability_enabled",
            "power": "null",
            "ability": "speed"
          }
        ]
      }
    },
    "set_clockpoint": {
      "type": "palladium:command",
      "icon": "chrono_machina:textures/icon/gps.png",
      "title": "Set Clockpoint",
      "bar_color": "light_gray",
      "hidden": true,
      "hidden_in_bar": false,
      "list_index": 3,
      "gui_position": "null",
      "description": "null",
      "first_tick_commands": [],
      "last_tick_commands": [],
      "commands": [
        "function chrono_machina:set_waypoint",
        "playsound chrono_machina:grandfather_clock player @s"
      ],
      "conditions": {
        "enabling": [
          {
            "type": "palladium:action",
            "cooldown": 0,
            "key_type": "key_bind",
            "needs_empty_hand": false,
            "allow_scrolling_when_crouching": true
          }
        ],
        "unlocking": [
          {
            "type": "palladium:crouching"
          },
          {
            "type": "palladium:energy_bar",
            "energy_bar": "chronosapien_meter",
            "min": 100
          },
          {
            "type": "palladium:has_tag",
            "tag": "clockpoint"
          }
        ]
      }
    },
    "tp_clockpoint": {
      "type": "palladium:command",
      "icon": "chrono_machina:textures/icon/rewind.png",
      "title": "Rewind to Clockpoint",
      "bar_color": "light_gray",
      "hidden": true,
      "hidden_in_bar": false,
      "list_index": 3,
      "gui_position": "null",
      "description": "null",
      "first_tick_commands": [],
      "last_tick_commands": [],
      "energy_bar_usage": {
        "energy_bar": "chronosapien_meter",
        "amount": 200
      },
      "commands": [
        "function chrono_machina:tp_waypoint",
        "playsound chrono_machina:grandfather_clock player @s"
      ],
      "conditions": {
        "enabling": [
          {
            "type": "palladium:action",
            "cooldown": 0,
            "key_type": "key_bind",
            "needs_empty_hand": false,
            "allow_scrolling_when_crouching": true
          }
        ],
        "unlocking": [
          {
            "type": "palladium:energy_bar",
            "energy_bar": "chronosapien_meter",
            "min": 200
          },
          {
            "type": "palladium:not",
            "conditions": [
              {
                "type": "palladium:crouching"
              }
            ]
          },
          {
            "type": "palladium:has_tag",
            "tag": "clockpoint"
          }
        ]
      }
    },
    "stop": {
      "type": "palladium:command",
      "icon": "minecraft:barrier",
      "title": "Freeze Time",
      "bar_color": "light_gray",
      "hidden": true,
      "hidden_in_bar": false,
      "list_index": 2,
      "gui_position": "null",
      "description": "null",
      "first_tick_commands": ["timeclock pauseTime true"],
      "last_tick_commands": ["timeclock pauseTime false"],
      "commands": [],
      "conditions": {
        "enabling": [
          {
            "type": "palladium:held",
            "cooldown": 0,
            "key_type": "key_bind",
            "needs_empty_hand": false,
            "allow_scrolling_when_crouching": true
          }
        ],
        "unlocking": [
          {
            "type": "palladium:energy_bar",
            "energy_bar": "chronosapien_meter",
            "min": 100
          },
          {
            "type": "palladium:has_tag",
            "tag": "stop_time"
          }
        ]
      }
    },
    "t-pose": {
      "type": "palladium:animation_timer",
      "list_index": 1,
      "max_value": 8,
      "bar_color": "orange",
      "title": { "translate": "ability.alienevo_aliens.6.block" },
      "hidden": true,
      "hidden_in_bar": true,
      "conditions": {
        "enabling": [
          {
            "type": "palladium:ability_enabled",
            "power": "null",
            "ability": "time_blast"
          }
        ]
      }
    }
  }
}
