{
	"format_version": "1.12.0",
	"minecraft:geometry": [
		{
			"description": {
				"identifier": "geometry.unknown",
				"texture_width": 128,
				"texture_height": 128,
				"visible_bounds_width": 8,
				"visible_bounds_height": 5,
				"visible_bounds_offset": [0, 1.5, 0]
			},
			"bones": [
				{
					"name": "armorLeftArm",
					"pivot": [5, 22, 0]
				},
				{
					"name": "recal_omnitrix",
					"parent": "armorLeftArm",
					"pivot": [6, 21, 0]
				},
				{
					"name": "core",
					"parent": "recal_omnitrix",
					"pivot": [8.7475, 14.75, 0]
				},
				{
					"name": "hologram",
					"parent": "core",
					"pivot": [9.5, 14.75, 0]
				},
				{
					"name": "Body",
					"parent": "hologram",
					"pivot": [12.40615, 14.73385, 0],
					"rotation": [0, 0, 90],
					"cubes": [
						{
							"origin": [11.48615, 13.21385, -0.77],
							"size": [1.84, 1.34, 1.54],
							"uv": {
								"north": {"uv": [16, 16], "uv_size": [18, 13]},
								"east": {"uv": [1, 16], "uv_size": [15, 13]},
								"south": {"uv": [49, 16], "uv_size": [18, 13]},
								"west": {"uv": [34, 16], "uv_size": [15, 13]},
								"up": {"uv": [16, 1], "uv_size": [18, 15]},
								"down": {"uv": [34, 16], "uv_size": [18, -15]}
							}
						},
						{
							"origin": [11.54615, 12.97385, -0.71],
							"size": [1.72, 0.13, 1.42],
							"inflate": 0.1,
							"uv": {
								"north": {"uv": [76, 49], "uv_size": [17, 2]},
								"east": {"uv": [77, 7], "uv_size": [16, 2]},
								"south": {"uv": [76, 51], "uv_size": [17, 2]},
								"west": {"uv": [77, 9], "uv_size": [16, 2]},
								"up": {"uv": [8, 46], "uv_size": [17, 16]},
								"down": {"uv": [44, 62], "uv_size": [17, -16]}
							}
						},
						{
							"origin": [11.64615, 14.57385, -0.61],
							"size": [1.52, 0.07, 1.22],
							"inflate": 0.1,
							"uv": {
								"north": {"uv": [76, 70], "uv_size": [17, 2]},
								"east": {"uv": [77, 11], "uv_size": [16, 2]},
								"south": {"uv": [77, 5], "uv_size": [17, 2]},
								"west": {"uv": [77, 13], "uv_size": [16, 2]},
								"up": {"uv": [25, 50], "uv_size": [17, 16]},
								"down": {"uv": [56, 46], "uv_size": [17, -16]}
							}
						}
					]
				},
				{
					"name": "Layer",
					"parent": "Body",
					"pivot": [12.40615, 13.58385, -0.1],
					"cubes": [
						{
							"origin": [11.44615, 13.17385, -0.81],
							"size": [1.92, 1.42, 1.62],
							"uv": {
								"north": {"uv": [16, 108], "uv_size": [19, 14]},
								"east": {"uv": [0, 108], "uv_size": [16, 14]},
								"south": {"uv": [51, 108], "uv_size": [19, 14]},
								"west": {"uv": [35, 108], "uv_size": [16, 14]},
								"up": {"uv": [16, 92], "uv_size": [19, 16]},
								"down": {"uv": [35, 108], "uv_size": [19, -16]}
							}
						}
					]
				},
				{
					"name": "Head",
					"parent": "Body",
					"pivot": [12.40615, 14.73385, 0.025],
					"cubes": [
						{
							"origin": [11.97615, 14.73385, -0.42],
							"size": [0.83, 0.44, 0.85],
							"uv": {
								"north": {"uv": [62, 78], "uv_size": [-8, 3]},
								"east": {"uv": [86, 78], "uv_size": [-8, 3]},
								"south": {"uv": [78, 78], "uv_size": [-8, 3]},
								"west": {"uv": [70, 78], "uv_size": [-8, 3]},
								"up": {"uv": [8, 47], "uv_size": [-8, 8]},
								"down": {"uv": [8, 63], "uv_size": [-8, -8]}
							}
						}
					]
				},
				{
					"name": "Layerhead",
					"parent": "Head",
					"pivot": [12.40615, 14.83385, 0],
					"cubes": [
						{
							"origin": [11.95615, 14.71385, -0.44],
							"size": [0.87, 0.48, 0.89],
							"uv": {
								"north": {"uv": [104, 70], "uv_size": [-8, 3]},
								"east": {"uv": [128, 70], "uv_size": [-8, 3]},
								"south": {"uv": [120, 70], "uv_size": [-8, 3]},
								"west": {"uv": [112, 70], "uv_size": [-8, 3]},
								"up": {"uv": [128, 54], "uv_size": [-8, 8]},
								"down": {"uv": [128, 70], "uv_size": [-8, -8]}
							}
						}
					]
				},
				{
					"name": "Key",
					"parent": "Head",
					"pivot": [12.40615, 15.18385, 0],
					"cubes": [
						{
							"origin": [11.65615, 15.00885, 0.01],
							"size": [1.48, 1.26, 0],
							"uv": {
								"north": {"uv": [81, 92], "uv_size": [13.2, 9.7]}
							}
						}
					]
				},
				{
					"name": "LeftArm",
					"parent": "Body",
					"pivot": [13.70615, 14.28385, 0],
					"rotation": [0, 0, -10],
					"cubes": [
						{
							"origin": [13.27237, 13.92617, -0.35],
							"size": [0.6, 0.6, 0.7],
							"uv": {
								"north": {"uv": [50, 40], "uv_size": [6, 6]},
								"east": {"uv": [70, 14], "uv_size": [7, 6]},
								"south": {"uv": [62, 71], "uv_size": [6, 6]},
								"west": {"uv": [70, 20], "uv_size": [7, 6]},
								"up": {"uv": [50, 69], "uv_size": [6, 7]},
								"down": {"uv": [70, 53], "uv_size": [6, -7]}
							}
						},
						{
							"origin": [13.87237, 14.07617, -0.2],
							"size": [0.1, 0.4, 0.4],
							"uv": {
								"north": {"uv": [42, 50], "uv_size": [1, 4]},
								"east": {"uv": [80, 72], "uv_size": [4, 4]},
								"south": {"uv": [43, 50], "uv_size": [1, 4]},
								"west": {"uv": [13, 81], "uv_size": [4, 4]},
								"up": {"uv": [42, 54], "uv_size": [1, 4]},
								"down": {"uv": [43, 58], "uv_size": [1, -4]}
							}
						},
						{
							"origin": [13.20237, 12.80617, -0.37],
							"size": [0.74, 0.74, 0.74],
							"uv": {
								"north": {"uv": [42, 62], "uv_size": [7, 7]},
								"east": {"uv": [49, 62], "uv_size": [7, 7]},
								"south": {"uv": [0, 63], "uv_size": [7, 7]},
								"west": {"uv": [56, 64], "uv_size": [7, 7]},
								"up": {"uv": [63, 64], "uv_size": [7, 7]},
								"down": {"uv": [22, 73], "uv_size": [7, -7]}
							}
						},
						{
							"origin": [13.27237, 12.72617, -0.3],
							"size": [0.6, 0.1, 0.6],
							"uv": {
								"north": {"uv": [83, 16], "uv_size": [6, 1]},
								"east": {"uv": [17, 83], "uv_size": [6, 1]},
								"south": {"uv": [83, 17], "uv_size": [6, 1]},
								"west": {"uv": [83, 18], "uv_size": [6, 1]},
								"up": {"uv": [68, 72], "uv_size": [6, 6]},
								"down": {"uv": [21, 79], "uv_size": [6, -6]}
							}
						},
						{
							"origin": [13.30237, 13.45617, -0.27],
							"size": [0.54, 0.54, 0.54],
							"uv": {
								"north": {"uv": [24, 79], "uv_size": [4, 4]},
								"east": {"uv": [79, 25], "uv_size": [4, 4]},
								"south": {"uv": [28, 79], "uv_size": [4, 4]},
								"west": {"uv": [79, 29], "uv_size": [4, 4]},
								"up": {"uv": [79, 33], "uv_size": [4, 4]},
								"down": {"uv": [79, 41], "uv_size": [4, -4]}
							}
						}
					]
				},
				{
					"name": "LayerLeftarm",
					"parent": "LeftArm",
					"pivot": [12.32237, 12.12617, 0],
					"cubes": [
						{
							"origin": [13.28237, 13.43617, -0.29],
							"size": [0.58, 0.58, 0.58],
							"uv": {
								"north": {"uv": [120, 21], "uv_size": [4, 4]},
								"east": {"uv": [124, 25], "uv_size": [4, 4]},
								"south": {"uv": [124, 21], "uv_size": [4, 4]},
								"west": {"uv": [124, 29], "uv_size": [4, 4]}
							}
						},
						{
							"origin": [13.18237, 12.78617, -0.39],
							"size": [0.78, 0.78, 0.78],
							"uv": {
								"north": {"uv": [100, 119], "uv_size": [7, 7]},
								"east": {"uv": [107, 119], "uv_size": [7, 7]},
								"south": {"uv": [86, 119], "uv_size": [7, 7]},
								"west": {"uv": [114, 119], "uv_size": [7, 7]},
								"up": {"uv": [121, 119], "uv_size": [7, 7]},
								"down": {"uv": [93, 126], "uv_size": [7, -7]}
							}
						}
					]
				},
				{
					"name": "LeftLeg",
					"parent": "Body",
					"pivot": [12.93115, 12.98385, 0],
					"cubes": [
						{
							"origin": [12.58115, 12.18385, -0.35],
							"size": [0.7, 0.5, 0.7],
							"uv": {
								"north": {"uv": [13, 76], "uv_size": [7, 5]},
								"east": {"uv": [33, 76], "uv_size": [7, 5]},
								"south": {"uv": [40, 76], "uv_size": [7, 5]},
								"west": {"uv": [76, 44], "uv_size": [7, 5]},
								"up": {"uv": [8, 62], "uv_size": [7, 7]},
								"down": {"uv": [15, 69], "uv_size": [7, -7]}
							}
						},
						{
							"origin": [12.63115, 12.08385, -0.25],
							"size": [0.6, 0.1, 0.5],
							"uv": {
								"north": {"uv": [62, 77], "uv_size": [6, 1]},
								"east": {"uv": [56, 62], "uv_size": [5, 1]},
								"south": {"uv": [83, 15], "uv_size": [6, 1]},
								"west": {"uv": [56, 63], "uv_size": [5, 1]},
								"up": {"uv": [77, 15], "uv_size": [6, 5]},
								"down": {"uv": [77, 25], "uv_size": [6, -5]}
							}
						},
						{
							"origin": [12.67115, 12.62385, -0.26],
							"size": [0.52, 0.42, 0.52],
							"uv": {
								"north": {"uv": [25, 47], "uv_size": [4, 3]},
								"east": {"uv": [36, 66], "uv_size": [4, 3]},
								"south": {"uv": [79, 41], "uv_size": [4, 3]},
								"west": {"uv": [72, 81], "uv_size": [4, 3]},
								"up": {"uv": [26, 43], "uv_size": [4, 4]},
								"down": {"uv": [20, 83], "uv_size": [4, -4]}
							}
						}
					]
				},
				{
					"name": "LayerLeftleg",
					"parent": "LeftLeg",
					"pivot": [12.80615, 12.98385, 0],
					"cubes": [
						{
							"origin": [12.65115, 12.60385, -0.28],
							"size": [0.56, 0.46, 0.56],
							"uv": {
								"north": {"uv": [124, 73], "uv_size": [4, 3]},
								"east": {"uv": [124, 76], "uv_size": [4, 3]},
								"south": {"uv": [124, 79], "uv_size": [4, 3]},
								"west": {"uv": [124, 82], "uv_size": [4, 3]}
							}
						},
						{
							"origin": [12.56115, 12.16385, -0.37],
							"size": [0.74, 0.54, 0.74],
							"uv": {
								"north": {"uv": [121, 85], "uv_size": [7, 5]},
								"east": {"uv": [121, 90], "uv_size": [7, 5]},
								"south": {"uv": [121, 95], "uv_size": [7, 5]},
								"west": {"uv": [121, 100], "uv_size": [7, 5]},
								"up": {"uv": [121, 105], "uv_size": [7, 7]},
								"down": {"uv": [121, 119], "uv_size": [7, -7]}
							}
						}
					]
				},
				{
					"name": "Rightleg",
					"parent": "Body",
					"pivot": [11.88115, 12.98385, 0],
					"cubes": [
						{
							"origin": [11.53115, 12.18385, -0.35],
							"size": [0.7, 0.5, 0.7],
							"uv": {
								"north": {"uv": [20, 76], "uv_size": [-7, 5]},
								"east": {"uv": [83, 44], "uv_size": [-7, 5]},
								"south": {"uv": [47, 76], "uv_size": [-7, 5]},
								"west": {"uv": [40, 76], "uv_size": [-7, 5]},
								"up": {"uv": [15, 62], "uv_size": [-7, 7]},
								"down": {"uv": [22, 69], "uv_size": [-7, -7]}
							}
						},
						{
							"origin": [11.58115, 12.08385, -0.25],
							"size": [0.6, 0.1, 0.5],
							"uv": {
								"north": {"uv": [68, 77], "uv_size": [-6, 1]},
								"east": {"uv": [61, 63], "uv_size": [-5, 1]},
								"south": {"uv": [89, 15], "uv_size": [-6, 1]},
								"west": {"uv": [61, 62], "uv_size": [-5, 1]},
								"up": {"uv": [83, 15], "uv_size": [-6, 5]},
								"down": {"uv": [83, 25], "uv_size": [-6, -5]}
							}
						},
						{
							"origin": [11.62115, 12.62385, -0.26],
							"size": [0.52, 0.42, 0.52],
							"uv": {
								"north": {"uv": [29, 47], "uv_size": [-4, 3]},
								"east": {"uv": [76, 81], "uv_size": [-4, 3]},
								"south": {"uv": [83, 41], "uv_size": [-4, 3]},
								"west": {"uv": [40, 66], "uv_size": [-4, 3]},
								"up": {"uv": [30, 43], "uv_size": [-4, 4]},
								"down": {"uv": [24, 83], "uv_size": [-4, -4]}
							}
						}
					]
				},
				{
					"name": "LayerRightleg",
					"parent": "Rightleg",
					"pivot": [12.00615, 12.98385, 0],
					"cubes": [
						{
							"origin": [11.51115, 12.16385, -0.37],
							"size": [0.74, 0.54, 0.74],
							"uv": {
								"north": {"uv": [128, 85], "uv_size": [-7, 5]},
								"east": {"uv": [128, 100], "uv_size": [-7, 5]},
								"south": {"uv": [128, 95], "uv_size": [-7, 5]},
								"west": {"uv": [128, 90], "uv_size": [-7, 5]},
								"up": {"uv": [128, 105], "uv_size": [-7, 7]},
								"down": {"uv": [128, 119], "uv_size": [-7, -7]}
							}
						},
						{
							"origin": [11.60115, 12.60385, -0.28],
							"size": [0.56, 0.46, 0.56],
							"uv": {
								"north": {"uv": [128, 73], "uv_size": [-4, 3]},
								"east": {"uv": [128, 82], "uv_size": [-4, 3]},
								"south": {"uv": [128, 79], "uv_size": [-4, 3]},
								"west": {"uv": [128, 76], "uv_size": [-4, 3]}
							}
						}
					]
				},
				{
					"name": "RightArm",
					"parent": "Body",
					"pivot": [11.10615, 14.28385, 0],
					"rotation": [0, 0, 10],
					"cubes": [
						{
							"origin": [10.83994, 14.07617, -0.2],
							"size": [0.1, 0.4, 0.4],
							"uv": {
								"north": {"uv": [43, 50], "uv_size": [-1, 4]},
								"east": {"uv": [17, 81], "uv_size": [-4, 4]},
								"south": {"uv": [44, 50], "uv_size": [-1, 4]},
								"west": {"uv": [84, 72], "uv_size": [-4, 4]},
								"up": {"uv": [43, 54], "uv_size": [-1, 4]},
								"down": {"uv": [44, 58], "uv_size": [-1, -4]}
							}
						},
						{
							"origin": [10.93994, 13.92617, -0.35],
							"size": [0.6, 0.6, 0.7],
							"uv": {
								"north": {"uv": [56, 40], "uv_size": [-6, 6]},
								"east": {"uv": [77, 20], "uv_size": [-7, 6]},
								"south": {"uv": [68, 71], "uv_size": [-6, 6]},
								"west": {"uv": [77, 14], "uv_size": [-7, 6]},
								"up": {"uv": [56, 69], "uv_size": [-6, 7]},
								"down": {"uv": [76, 53], "uv_size": [-6, -7]}
							}
						},
						{
							"origin": [10.86994, 12.80617, -0.37],
							"size": [0.74, 0.74, 0.74],
							"uv": {
								"north": {"uv": [49, 62], "uv_size": [-7, 7]},
								"east": {"uv": [63, 64], "uv_size": [-7, 7]},
								"south": {"uv": [7, 63], "uv_size": [-7, 7]},
								"west": {"uv": [56, 62], "uv_size": [-7, 7]},
								"up": {"uv": [70, 64], "uv_size": [-7, 7]},
								"down": {"uv": [29, 73], "uv_size": [-7, -7]}
							}
						},
						{
							"origin": [10.93994, 12.72617, -0.3],
							"size": [0.6, 0.1, 0.6],
							"uv": {
								"north": {"uv": [89, 16], "uv_size": [-6, 1]},
								"east": {"uv": [89, 18], "uv_size": [-6, 1]},
								"south": {"uv": [89, 17], "uv_size": [-6, 1]},
								"west": {"uv": [23, 83], "uv_size": [-6, 1]},
								"up": {"uv": [74, 72], "uv_size": [-6, 6]},
								"down": {"uv": [27, 79], "uv_size": [-6, -6]}
							}
						},
						{
							"origin": [10.98994, 13.47617, -0.25],
							"size": [0.5, 0.5, 0.5],
							"uv": {
								"north": {"uv": [28, 79], "uv_size": [-4, 4]},
								"east": {"uv": [83, 29], "uv_size": [-4, 4]},
								"south": {"uv": [32, 79], "uv_size": [-4, 4]},
								"west": {"uv": [83, 25], "uv_size": [-4, 4]},
								"up": {"uv": [83, 33], "uv_size": [-4, 4]},
								"down": {"uv": [83, 41], "uv_size": [-4, -4]}
							}
						}
					]
				},
				{
					"name": "LayerRightarm",
					"parent": "RightArm",
					"pivot": [12.48994, 12.12617, 0],
					"cubes": [
						{
							"origin": [10.84994, 12.78617, -0.39],
							"size": [0.78, 0.78, 0.78],
							"uv": {
								"north": {"uv": [107, 119], "uv_size": [-7, 7]},
								"east": {"uv": [121, 119], "uv_size": [-7, 7]},
								"south": {"uv": [93, 119], "uv_size": [-7, 7]},
								"west": {"uv": [114, 119], "uv_size": [-7, 7]},
								"up": {"uv": [128, 119], "uv_size": [-7, 7]},
								"down": {"uv": [100, 126], "uv_size": [-7, -7]}
							}
						},
						{
							"origin": [10.96994, 13.45617, -0.27],
							"size": [0.54, 0.54, 0.54],
							"uv": {
								"north": {"uv": [124, 21], "uv_size": [-4, 4]},
								"east": {"uv": [128, 29], "uv_size": [-4, 4]},
								"south": {"uv": [128, 21], "uv_size": [-4, 4]},
								"west": {"uv": [128, 25], "uv_size": [-4, 4]}
							}
						}
					]
				}
			]
		}
	]
}